                  epoch,         train/box_loss,         train/cls_loss,         train/dfl_loss,   metrics/precision(B),      metrics/recall(B),       metrics/mAP50(B),    metrics/mAP50-95(B),           val/box_loss,           val/cls_loss,           val/dfl_loss,                 lr/pg0,                 lr/pg1,                 lr/pg2
                      1,                 0.7609,                 3.0361,                 1.1865,                0.68639,                0.54208,                0.69578,                0.50657,                 1.5643,                 1.6147,                 1.3494,                      0,                      0,                      0
                      2,                 1.1142,                  2.598,                 1.3676,                0.88911,                0.52702,                0.73305,                0.51183,                 1.5469,                 1.5799,                 1.3331,             1.1782e-06,             1.1782e-06,             1.1782e-06
                      3,                 1.1786,                 2.5612,                 1.3657,                0.90504,                0.52314,                0.73758,                0.51804,                 1.5327,                 1.5686,                 1.3217,             2.3329e-06,             2.3329e-06,             2.3329e-06
